public_code,name_client,name_technical,short_description,visual_description,initial_position,final_position,key_action,recommended_view,exercise_family,category,body_zone,primary_muscle,secondary_muscles,movement_pattern,material_required,difficulty,intensity,impact_level,technical_risk,space_needed,duration_estimate_seconds,reps_estimate,suitable_for,avoid_if,status,source,notes
Z50-EJ-0001,Curl de bíceps con banda elástica,Curl de bíceps de pie con banda elástica pisada,Persona de pie pisando la banda y flexionando codos hacia hombros,Persona de pie pisando la banda y flexionando codos hacia hombros,"De pie, pies sobre la banda, brazos extendidos","Codos flexionados, manos cerca de hombros",Tirar hacia arriba,Frontal 3/4,strength,Fuerza resistencia,Tren superior,Bíceps,"{""Antebrazo""}",Tracción / flexión de codo,"{""Banda elástica""}",beginner,medium,low,low,low,30,,"{""General""}",{},validated,Biblioteca Maestra Z50,"Alias: biceps goma, biceps gomas"
Z50-EJ-0002,Remo con banda elástica,Remo sentado con banda elástica anclada al frente,Persona sentada en el suelo tira de la banda hacia el abdomen con codos atrás,Persona sentada en el suelo tira de la banda hacia el abdomen con codos atrás,"Sentado, piernas extendidas o semiflexionadas, banda anclada al frente, brazos extendidos","Codos atrás junto al cuerpo, manos cerca del abdomen, escápulas juntas",Tirar hacia el cuerpo,Lateral 3/4,yoga,Fuerza resistencia / postura,Tren superior,Dorsal,"{""Romboides"",""bíceps""}",Tracción horizontal,"{""Banda elástica""}",beginner,medium,low,low,low,30,,"{""General""}",{},validated,Variante aclarada por Sebas,Evitar elevar hombros o redondear excesivamente la espalda
Z50-EJ-0003,Jalón dorsal con banda elástica,Jalón dorsal con banda elástica anclada arriba,Persona tira de la banda desde arriba hacia el pecho,Persona tira de la banda desde arriba hacia el pecho,"Sentado/de rodillas, banda anclada arriba, brazos extendidos","Codos bajan hacia costillas, banda cerca del pecho",Tirar hacia abajo,Lateral 3/4,yoga,Fuerza resistencia / postura,Tren superior,Dorsal,"{""Bíceps"",""core""}",Tracción vertical,"{""Banda elástica""}",beginner,medium,low,medium,low,30,,"{""General""}",{},review,Biblioteca Maestra Z50,Confirmar anclaje: alto en pared/puerta o pisando banda
Z50-EJ-0004,Extensión de tríceps por encima de la cabeza con banda,Extensión de tríceps por encima de la cabeza con banda elástica,Persona de pie extiende los codos por encima de la cabeza contra la resistencia de la banda,Persona de pie extiende los codos por encima de la cabeza contra la resistencia de la banda,"De pie, banda pisada o anclada abajo/detrás, codos flexionados sobre la cabeza","Brazos extendidos por encima de la cabeza, codos mirando al frente",Extender codos por encima de la cabeza,Lateral 3/4,strength,Fuerza resistencia,Tren superior,Tríceps,"{""Hombro""}",Extensión de codo,"{""Banda elástica""}",beginner,medium,low,low,low,30,,"{""General""}",{},validated,Variante aclarada por Sebas,Evitar abrir demasiado los codos o arquear la espalda
Z50-EJ-0005,Isométrico de cuádriceps en pared con pierna cerrada,Sentadilla isométrica en pared con piernas juntas o cerradas,Persona mantiene una sentadilla isométrica apoyada en la pared con las piernas juntas,Persona mantiene una sentadilla isométrica apoyada en la pared con las piernas juntas,"Espalda apoyada en pared, rodillas flexionadas, pies paralelos y piernas juntas o estrechas",Mantener posición estable con muslos descendidos y piernas cerradas,Sostener,Lateral,strength,Control / fuerza isométrica,Tren inferior,Cuádriceps,"{""Glúteo""}",Isométrico tren inferior,"{""Pared""}",beginner,medium,low,low,low,30,,"{""General""}",{},validated,PC reinterpretado como pierna cerrada por aclaración de Sebas,Evitar que las rodillas colapsen o despegar la espalda de la pared
Z50-EJ-0006,Elevación de gemelos de pie,Elevación bilateral de talones de pie,Persona sube talones manteniendo rodillas extendidas,Persona sube talones manteniendo rodillas extendidas,"De pie, pies paralelos, apoyo opcional",Talones elevados,Subir y bajar,Lateral 3/4,strength,Fuerza resistencia,Tren inferior,Gemelos,"{""Sóleo""}",Extensión de tobillo,"{""Sin material"",""apoyo""}",beginner,medium,low,low,low,30,,"{""General""}",{},validated,Biblioteca Maestra Z50,Puede progresar con lastre
Z50-EJ-0007,Crunch abdominal con banda elástica en pies,Crunch abdominal con banda elástica anclada en los pies,Persona tumbada realiza un crunch sujetando una banda elástica anclada en los pies,Persona tumbada realiza un crunch sujetando una banda elástica anclada en los pies,"Tumbado boca arriba, pies fijan la banda, manos sujetan la banda con tensión inicial",Tronco flexionado hacia arriba manteniendo la tensión de la banda,Flexionar el tronco contra resistencia,Lateral 3/4,strength,Core / control,Core,Abdominales,"{""Flexores cadera""}",Flexión de tronco,"{""Banda elástica""}",beginner,medium,low,low,low,30,,"{""General""}",{},validated,Aclarado por Sebas,Evitar tirar del cuello o perder tensión en la banda
Z50-EJ-0008,Isométrico de cuádriceps en pared con pierna abierta,Sentadilla isométrica en pared con piernas abiertas,Persona mantiene una sentadilla isométrica apoyada en la pared con las piernas abiertas,Persona mantiene una sentadilla isométrica apoyada en la pared con las piernas abiertas,"Espalda apoyada en pared, rodillas flexionadas, pies más abiertos que caderas",Mantener posición estable con piernas abiertas y espalda apoyada,Sostener,Lateral,strength,Resistencia / control,Tren inferior,Cuádriceps,"{""Glúteo"",""aductores""}",Isométrico tren inferior,"{""Pared""}",beginner,medium_high,low,low,low,30,,"{""General""}",{},validated,PA reinterpretado como pierna abierta por aclaración de Sebas,Evitar que las rodillas se vayan hacia dentro o despegar la espalda
Z50-EJ-0009,Curl femoral con barra,Curl femoral con barra,Persona realiza flexión de rodillas trabajando isquiotibiales con ayuda de una barra,Persona realiza flexión de rodillas trabajando isquiotibiales con ayuda de una barra,Posición de inicio por definir en montaje exacto; ejercicio basado en flexión de rodilla con barra,Rodillas flexionadas acercando talones al cuerpo contra la resistencia/control de la barra,Flexionar rodillas,Lateral 3/4,strength,Fuerza resistencia,Tren inferior,Isquiotibiales,"{""Glúteo""}",Flexión de rodilla,"{""Barra""}",intermediate,medium_high,low,low,low,30,,"{""General""}",{},validated,Nombre cerrado por Sebas; posible revisión visual futura,Revisar técnica concreta antes de dibujar versión definitiva si hay material específico
Z50-EJ-0010,Clamshell de glúteo,Abducción de cadera en decúbito lateral tipo clamshell,Persona tumbada de lado abre rodilla manteniendo pies juntos,Persona tumbada de lado abre rodilla manteniendo pies juntos,"Tumbado lateral, rodillas flexionadas, pies juntos",Rodilla superior abierta,Abrir cadera,Lateral,strength,Activación glútea,Tren inferior,Glúteo medio,"{""Core""}",Abducción de cadera,"{""Sin material""}",beginner,low,low,low,low,30,,"{""General"",""readaptación""}",{},validated,Biblioteca Maestra Z50,Sin goma
Z50-EJ-0011,Clamshell de glúteo con banda elástica,Abducción de cadera en decúbito lateral con minibanda,Persona tumbada de lado abre rodilla contra banda,Persona tumbada de lado abre rodilla contra banda,Tumbado lateral con minibanda sobre rodillas,Rodilla superior abierta contra resistencia,Abrir cadera,Lateral,strength,Activación glútea,Tren inferior,Glúteo medio,"{""Core""}",Abducción de cadera,"{""Minibanda""}",beginner,medium,low,low,low,30,,"{""General"",""readaptación""}",{},validated,Biblioteca Maestra Z50,Variante con goma
Z50-EJ-0012,Extensión de glúteo con pierna recta,Extensión de cadera con pierna recta,Persona eleva la pierna recta hacia atrás para activar glúteo,Persona eleva la pierna recta hacia atrás para activar glúteo,"Cuadrupedia o de pie, pierna extendida",Pierna elevada atrás sin arquear lumbar,Extender cadera,Lateral 3/4,strength,Activación glútea,Tren inferior,Glúteo mayor,"{""Isquios"",""lumbar""}",Extensión de cadera,"{""Sin material"",""minibanda""}",beginner,medium,low,medium,low,30,,"{""General"",""readaptación""}",{},review,Biblioteca Maestra Z50,"Confirmar si se realiza en cuadrupedia, de pie o tumbado"
Z50-EJ-0013,Extensión lumbar sobre fitball,Extensión de tronco sobre fitball,Persona apoyada en fitball extiende el tronco controladamente,Persona apoyada en fitball extiende el tronco controladamente,"Cadera/abdomen sobre fitball, tronco flexionado",Tronco alineado y extendido,Extender tronco,Lateral,strength,Core posterior / control,Core,Lumbar,"{""Glúteo"",""isquios""}",Extensión de tronco,"{""Fitball""}",beginner,medium,low,low,low,30,,"{""General""}",{},validated,También unifica alias lumbar bp y lumbar pa según aclaración de Sebas,
Z50-EJ-0014,Crunch abdominal sobre fitball,Crunch sobre fitball,Persona apoyada en fitball flexiona el tronco,Persona apoyada en fitball flexiona el tronco,"Espalda sobre fitball, pies en suelo",Tronco flexionado hacia arriba,Flexionar tronco,Lateral 3/4,strength,Core anterior,Core,Abdominales,"{""Flexores cadera""}",Flexión de tronco,"{""Fitball""}",beginner,medium,low,low,low,30,,"{""General""}",{},validated,Biblioteca Maestra Z50,
Z50-EJ-0015,Crunch lateral sobre fitball,Flexión lateral de tronco sobre fitball,Persona apoyada lateralmente en fitball flexiona el tronco,Persona apoyada lateralmente en fitball flexiona el tronco,"Lateral sobre fitball, pies apoyados",Tronco flexionado lateralmente,Flexionar lateral,Lateral,strength,Core lateral,Core,Oblicuos,"{""Lumbar""}",Flexión lateral,"{""Fitball""}",intermediate,medium,low,low,low,30,,"{""General""}",{},validated,Biblioteca Maestra Z50,
Z50-EJ-0016,Abducción lateral de cadera con banda elástica,Abducción lateral de cadera con minibanda,Persona separa la pierna lateralmente contra la banda,Persona separa la pierna lateralmente contra la banda,"De pie/lateral o tumbado, banda sobre piernas",Pierna separada lateralmente,Abrir pierna,Frontal 3/4,strength,Activación glútea,Tren inferior,Glúteo medio,"{""Core""}",Abducción de cadera,"{""Minibanda""}",beginner,medium,low,low,low,30,,"{""General"",""readaptación""}",{},validated,Biblioteca Maestra Z50,Confirmar posición exacta
Z50-EJ-0017,(Fusionado) Extensión lumbar sobre fitball,Alias fusionado en Z50-EJ-0013,Usar Z50-EJ-0013,Usar Z50-EJ-0013,-,-,-,-,strength,Core / control,Core,Lumbar,{},Extensión de tronco,"{""Fitball""}",beginner,medium,low,medium,low,30,,"{""General""}",{},inactive,Fusionado con Z50-EJ-0013 por aclaración de Sebas,Necesitamos significado de BP
Z50-EJ-0018,Abdominal con fitball en manos y balón medicinal en pies,Crunch abdominal sosteniendo fitball con las manos y balón medicinal en los pies,Persona tumbada eleva el tronco mientras sostiene un fitball en las manos y un balón medicinal en los pies,Persona tumbada eleva el tronco mientras sostiene un fitball en las manos y un balón medicinal en los pies,"Tumbado boca arriba, fitball sujeto con manos, balón medicinal fijado entre los pies o tobillos",Tronco y/o piernas se aproximan manteniendo el control de ambos implementos,Flexionar tronco y coordinar brazos-piernas,Lateral 3/4,strength,Core,Core,Abdominales,"{""Flexores cadera"",""oblicuos""}",Flexión de tronco / coordinación core,"{""Fitball"",""balón medicinal""}",beginner,medium,low,low,low,30,,"{""General""}",{},validated,Aclarado por Sebas,Evitar perder el control del balón medicinal en los pies
Z50-EJ-0019,(Fusionado) Extensión lumbar sobre fitball,Alias fusionado en Z50-EJ-0013,Usar Z50-EJ-0013,Usar Z50-EJ-0013,-,-,-,-,strength,Core / control,Core,Lumbar,{},Extensión de tronco,"{""Fitball""}",beginner,medium,low,medium,low,30,,"{""General""}",{},inactive,Fusionado con Z50-EJ-0013 por aclaración de Sebas,Necesitamos significado de PA en este contexto
Z50-EJ-0020,Abdominal con balón medicinal de 2 kg,Ejercicio abdominal con balón medicinal de 2 kg,Persona realiza un ejercicio abdominal sujetando balón medicinal,Persona realiza un ejercicio abdominal sujetando balón medicinal,Por definir,Por definir,Flexionar/rotar con balón,Frontal 3/4,strength,Core / fuerza resistencia,Core,Abdominales,"{""Oblicuos""}",Core con carga,"{""Balón medicinal 2 kg""}",beginner,medium,low,medium,low,30,,"{""General""}",{},review,Biblioteca Maestra Z50,Confirmar si BM = balón medicinal y la variante exacta
Z50-EJ-0021,Superman en suelo,Extensión alterna/global tipo superman en prono,Persona boca abajo eleva brazos y piernas,Persona boca abajo eleva brazos y piernas,"Tumbado boca abajo, brazos extendidos",Brazos y piernas elevados,Extender cadena posterior,Lateral 3/4,strength,Core posterior,Core,Lumbar,"{""Glúteo"",""hombro""}",Extensión posterior,"{""Sin material""}",beginner,medium,low,low,low,30,,"{""General""}",{},validated,Biblioteca Maestra Z50,
Z50-EJ-0022,Plancha con apoyo de rodillas,Plancha frontal modificada con rodillas apoyadas,Persona mantiene plancha apoyando antebrazos y rodillas,Persona mantiene plancha apoyando antebrazos y rodillas,"Antebrazos y rodillas en suelo, tronco alineado",Mantener alineación,Sostener,Lateral,strength,Core / control,Core,Abdominales,"{""Hombro"",""glúteo""}",Isométrico core,"{""Sin material""}",beginner,medium,low,low,low,30,,"{""General"",""iniciación""}",{},validated,Biblioteca Maestra Z50,
Z50-EJ-0023,Sentadilla al aire,Sentadilla bilateral con peso corporal,Persona baja en sentadilla manteniendo pies apoyados y espalda neutra,Persona baja en sentadilla manteniendo pies apoyados y espalda neutra,"De pie, pies a la anchura de caderas","Cadera baja y rodillas flexionadas, tronco estable",Bajar y subir,Frontal 3/4,strength,Fuerza resistencia,Tren inferior,Cuádriceps,"{""Glúteo""}",Sentadilla,"{""Sin material""}",beginner,medium,low,medium,low,30,,"{""General""}",{},draft,https://www.acefitness.org/resources/everyone/exercise-library/equipment/no-equipment/,Ejercicio base para retos iniciales
Z50-EJ-0024,Sentadilla a silla,Sentadilla asistida tocando una silla,Persona se sienta y se levanta usando una silla como referencia,Persona se sienta y se levanta usando una silla como referencia,De pie delante de una silla,Glúteos tocan la silla sin perder control,Bajar a silla y subir,Lateral 3/4,strength,Fuerza resistencia / control,Tren inferior,Cuádriceps,"{""Glúteo""}",Sentadilla asistida,"{""Silla"",""sin material""}",beginner,low,low,medium,low,30,,"{""Iniciación"",""senior""}",{},draft,https://www.bhf.org.uk/informationsupport/heart-matters-magazine/activity/strength-exercises,Muy útil para clientes con poca experiencia
Z50-EJ-0025,Zancada atrás,Zancada posterior alterna con peso corporal,Persona da un paso atrás y baja la rodilla controladamente,Persona da un paso atrás y baja la rodilla controladamente,"De pie, pies paralelos","Pierna trasera atrás, rodillas flexionadas",Paso atrás y retorno,Lateral 3/4,strength,Fuerza resistencia / estabilidad,Tren inferior,Cuádriceps,"{""Glúteo"",""isquios""}",Zancada,"{""Sin material""}",beginner,medium,low,medium,low,30,,"{""General""}",{},draft,https://www.acefitness.org/resources/everyone/exercise-library/equipment/no-equipment/,Versión más amable que zancada adelante
Z50-EJ-0026,Zancada lateral,Zancada lateral con peso corporal,Persona desplaza el peso hacia un lado flexionando una rodilla,Persona desplaza el peso hacia un lado flexionando una rodilla,"De pie, pies juntos o paralelos","Paso lateral, una rodilla flexionada y otra pierna extendida",Desplazarse lateralmente,Frontal 3/4,mobility,Fuerza resistencia / movilidad,Tren inferior,Glúteo medio,"{""Aductores"",""cuádriceps""}",Zancada lateral,"{""Sin material""}",intermediate,medium,low,medium,low,30,,"{""General""}",{},draft,https://www.acefitness.org/resources/everyone/exercise-library/equipment/no-equipment/,Buen ejercicio para variedad visual
Z50-EJ-0027,Puente de glúteo,Puente de glúteo en suelo,Persona tumbada boca arriba eleva la cadera,Persona tumbada boca arriba eleva la cadera,"Tumbado boca arriba, rodillas flexionadas, pies apoyados",Cadera elevada alineando tronco y muslos,Elevar cadera,Lateral 3/4,strength,Activación glútea,Tren inferior,Glúteo mayor,"{""Isquiotibiales"",""core""}",Extensión de cadera,"{""Sin material""}",beginner,low,low,medium,low,30,,"{""General""}",{},draft,https://www.acefitness.org/resources/everyone/exercise-library/equipment/no-equipment/,Base para progresiones de glúteo
Z50-EJ-0028,Puente de glúteo unilateral,Puente de glúteo a una pierna,Persona eleva la cadera con una pierna extendida,Persona eleva la cadera con una pierna extendida,"Tumbado boca arriba, un pie apoyado y una pierna extendida",Cadera elevada manteniendo una pierna en el aire,Elevar cadera unilateral,Lateral 3/4,strength,Activación glútea / fuerza,Tren inferior,Glúteo mayor,"{""Isquios"",""core""}",Extensión de cadera unilateral,"{""Sin material""}",intermediate,medium_high,low,medium,low,30,,"{""General""}",{},draft,https://www.acefitness.org/resources/everyone/exercise-library/equipment/no-equipment/,Progresión del puente básico
Z50-EJ-0029,Flexión inclinada,Flexión de brazos con manos elevadas en pared o banco,Persona realiza flexiones apoyando las manos en una superficie elevada,Persona realiza flexiones apoyando las manos en una superficie elevada,"Manos apoyadas en pared/silla estable, cuerpo alineado",Codos flexionados acercando pecho a la superficie,Empujar el cuerpo,Lateral 3/4,strength,Fuerza resistencia,Tren superior,Pectoral,"{""Tríceps"",""hombro""}",Empuje horizontal,"{""Pared"",""silla""}",beginner,low,low,medium,low,30,,"{""Iniciación"",""senior""}",{},draft,https://www.bhf.org.uk/informationsupport/heart-matters-magazine/activity/strength-exercises,Versión accesible antes de la flexión en suelo
Z50-EJ-0030,Flexión en suelo,Flexión de brazos estándar,Persona baja y sube el cuerpo apoyada en manos y pies,Persona baja y sube el cuerpo apoyada en manos y pies,"Plancha alta, manos bajo hombros",Pecho cerca del suelo y codos flexionados,Empujar el suelo,Lateral 3/4,strength,Fuerza resistencia,Tren superior,Pectoral,"{""Tríceps"",""hombro"",""core""}",Empuje horizontal,"{""Sin material""}",intermediate,medium_high,low,medium,low,30,,"{""General""}",{},draft,https://www.acefitness.org/resources/everyone/exercise-library/equipment/no-equipment/,Base de tren superior
Z50-EJ-0031,Plancha frontal,Plancha sobre antebrazos,Persona mantiene tronco alineado apoyada en antebrazos,Persona mantiene tronco alineado apoyada en antebrazos,Antebrazos y puntas de pies en suelo,Mantener cuerpo alineado sin hundir lumbar,Sostener,Lateral,strength,Core / control,Core,Abdominales,"{""Hombro"",""glúteo""}",Isométrico core,"{""Sin material""}",beginner,medium,low,medium,low,20,,"{""General""}",{},draft,https://www.acefitness.org/resources/everyone/exercise-library/equipment/no-equipment/,Base para retos de core
Z50-EJ-0032,Plancha lateral,Plancha lateral sobre antebrazo,Persona mantiene el cuerpo de lado apoyada en un antebrazo,Persona mantiene el cuerpo de lado apoyada en un antebrazo,"De lado, antebrazo apoyado, piernas extendidas",Cadera elevada y cuerpo alineado,Sostener lateral,Lateral,strength,Core lateral / estabilidad,Core,Oblicuos,"{""Glúteo medio"",""hombro""}",Isométrico lateral,"{""Sin material""}",intermediate,medium,low,medium,low,20,,"{""General""}",{},draft,https://www.acefitness.org/resources/everyone/exercise-library/equipment/no-equipment/,Visualmente clara para carteles
Z50-EJ-0033,Bird dog,Extensión alterna de brazo y pierna en cuadrupedia,Persona en cuadrupedia extiende brazo y pierna contraria,Persona en cuadrupedia extiende brazo y pierna contraria,"Cuadrupedia, manos y rodillas apoyadas",Brazo y pierna contraria extendidos,Extender y estabilizar,Lateral 3/4,pilates,Core / control motor,Core,Lumbar / core,"{""Glúteo"",""hombro""}",Estabilidad lumbopélvica,"{""Sin material""}",beginner,low,low,medium,low,30,,"{""Readaptación"",""general""}",{},draft,https://www.acefitness.org/resources/everyone/exercise-library/equipment/no-equipment/,Muy útil para salud lumbar
Z50-EJ-0034,Dead bug,Dead bug alterno en suelo,Persona tumbada boca arriba mueve brazo y pierna contraria sin arquear lumbar,Persona tumbada boca arriba mueve brazo y pierna contraria sin arquear lumbar,"Tumbado boca arriba, brazos arriba, caderas y rodillas a 90 grados",Brazo y pierna contraria extendidos controladamente,Extender extremidades y estabilizar,Superior 3/4,strength,Core / control motor,Core,Abdominales profundos,"{""Flexores cadera""}",Anti-extensión core,"{""Sin material""}",beginner,low,low,medium,low,30,,"{""Readaptación"",""general""}",{},draft,https://www.acefitness.org/resources/everyone/exercise-library/equipment/no-equipment/,Excelente para progresiones seguras
Z50-EJ-0035,Mountain climber suave,Mountain climber controlado,Persona en plancha alta lleva rodillas alternas hacia el pecho,Persona en plancha alta lleva rodillas alternas hacia el pecho,"Plancha alta, manos apoyadas",Rodilla se acerca al pecho de forma alterna,Alternar rodillas,Lateral 3/4,cardio_low_impact,Cardio / core,Full body,Core,"{""Hombro"",""flexores cadera""}",Cardio core,"{""Sin material""}",intermediate,medium_high,low,medium,low,20,,"{""General""}",{},draft,https://www.acefitness.org/resources/everyone/exercise-library/equipment/no-equipment/,Usar versión suave para bajo impacto
Z50-EJ-0036,Step jack sin salto,Jumping jack modificado sin impacto,Persona abre y cierra piernas alternando pasos laterales y brazos arriba,Persona abre y cierra piernas alternando pasos laterales y brazos arriba,"De pie, pies juntos, brazos abajo",Paso lateral con brazos elevados,Abrir y cerrar sin salto,Frontal,cardio_low_impact,Cardio / activación,Cardio,Cardiorrespiratorio,"{""Hombro"",""tren inferior""}",Cardio bajo impacto,"{""Sin material""}",beginner,medium,low,medium,low,30,,"{""General"",""senior""}",{},draft,https://www.acefitness.org/resources/everyone/exercise-library/equipment/no-equipment/,Ideal para calentamientos
Z50-EJ-0037,Curl de bíceps con botellas,Curl de bíceps alterno con botellas de agua,Persona flexiona los codos sujetando botellas de agua,Persona flexiona los codos sujetando botellas de agua,"De pie, botella en cada mano, brazos extendidos",Manos suben hacia hombros,Flexionar codos,Frontal 3/4,strength,Fuerza resistencia,Tren superior,Bíceps,"{""Antebrazo""}",Flexión de codo,"{""Botellas de agua""}",beginner,low,low,medium,low,30,,"{""General""}",{},draft,https://www.bhf.org.uk/informationsupport/heart-matters-magazine/activity/strength-exercises,Material casero de bajo coste
Z50-EJ-0038,Press hombro con botellas,Press militar con botellas de agua,Persona empuja botellas desde hombros hacia arriba,Persona empuja botellas desde hombros hacia arriba,"De pie, botellas a la altura de hombros",Brazos extendidos sobre la cabeza,Empujar arriba,Frontal 3/4,strength,Fuerza resistencia,Tren superior,Hombro,"{""Tríceps"",""core""}",Empuje vertical,"{""Botellas de agua""}",beginner,medium,low,medium,low,30,,"{""General""}",{},draft,https://www.hss.edu/health-library/move-better/how-to-exercise-at-home,Controlar zona lumbar
Z50-EJ-0039,Elevaciones laterales con botellas,Elevación lateral de hombro con botellas,Persona eleva brazos lateralmente hasta altura de hombros,Persona eleva brazos lateralmente hasta altura de hombros,"De pie, botellas a los lados",Brazos elevados lateralmente hasta hombros,Elevar lateral,Frontal,strength,Tono hombro / resistencia,Tren superior,Deltoides medio,"{""Trapecio""}",Abducción de hombro,"{""Botellas de agua""}",beginner,medium,low,medium,low,30,,"{""General""}",{},draft,https://www.hss.edu/health-library/move-better/how-to-exercise-at-home,Usar carga ligera
Z50-EJ-0040,Remo con mochila,Remo inclinado con mochila cargada,Persona inclina el tronco y tira de una mochila hacia el abdomen,Persona inclina el tronco y tira de una mochila hacia el abdomen,"De pie, tronco inclinado, mochila sujeta con ambas manos","Mochila cerca del abdomen, codos atrás",Tirar hacia abdomen,Lateral 3/4,yoga,Fuerza resistencia / postura,Tren superior,Dorsal,"{""Romboides"",""bíceps""}",Tracción horizontal,"{""Mochila cargada""}",beginner,medium,low,medium,low,30,,"{""General""}",{},draft,https://www.hss.edu/health-library/move-better/how-to-exercise-at-home,Ajustar carga con libros/botellas
Z50-EJ-0041,Peso muerto rumano con mochila,Bisagra de cadera con mochila cargada,Persona baja la mochila manteniendo espalda neutra y cadera atrás,Persona baja la mochila manteniendo espalda neutra y cadera atrás,"De pie, mochila delante del cuerpo","Cadera atrás, tronco inclinado, rodillas semiflexionadas",Bisagra de cadera,Lateral 3/4,strength,Cadena posterior,Tren inferior,Isquiotibiales,"{""Glúteo"",""lumbar""}",Bisagra,"{""Mochila cargada""}",intermediate,medium,low,medium,low,30,,"{""General""}",{},draft,https://www.hss.edu/health-library/move-better/how-to-exercise-at-home,Enseñar espalda neutra
Z50-EJ-0042,Sentadilla goblet con mochila,Sentadilla sujetando mochila al pecho,Persona realiza sentadilla con mochila abrazada al pecho,Persona realiza sentadilla con mochila abrazada al pecho,"De pie, mochila contra el pecho",Sentadilla controlada con carga delante,Bajar y subir,Frontal 3/4,strength,Fuerza resistencia,Tren inferior,Cuádriceps,"{""Glúteo"",""core""}",Sentadilla con carga anterior,"{""Mochila cargada""}",beginner,medium,low,medium,low,30,,"{""General""}",{},draft,https://www.hss.edu/health-library/move-better/how-to-exercise-at-home,Alternativa casera a kettlebell
Z50-EJ-0043,Fondos en silla,Fondos de tríceps con silla estable,Persona flexiona codos apoyando manos en una silla,Persona flexiona codos apoyando manos en una silla,"Manos en borde de silla, pies apoyados",Codos flexionados y cadera cerca de la silla,Flexionar/extender codos,Lateral 3/4,strength,Fuerza resistencia,Tren superior,Tríceps,"{""Hombro"",""pectoral""}",Empuje / extensión de codo,"{""Silla""}",intermediate,medium,low,medium,low,30,,"{""General""}",{},draft,https://www.acefitness.org/resources/everyone/exercise-library/,Usar silla estable; cuidado con hombros
Z50-EJ-0044,Step-up a silla baja,Subida a escalón o silla baja estable,Persona sube a una superficie estable y baja controladamente,Persona sube a una superficie estable y baja controladamente,De pie frente a escalón/silla baja,Un pie arriba y cuerpo elevado,Subir y bajar,Lateral 3/4,functional,Fuerza resistencia / funcional,Tren inferior,Cuádriceps,"{""Glúteo"",""gemelos""}",Subida,"{""Escalón"",""silla baja""}",beginner,medium,low,medium,low,30,,"{""General""}",{},draft,https://www.acefitness.org/resources/everyone/exercise-library/,Preferir escalón estable a silla alta
Z50-EJ-0045,Curl femoral deslizante con toalla,Curl femoral en suelo con toalla o calcetines,Persona tumbada desliza los talones hacia glúteos manteniendo cadera elevada,Persona tumbada desliza los talones hacia glúteos manteniendo cadera elevada,"Tumbado boca arriba, talones sobre toallas, cadera elevada",Talones cerca de glúteos y cadera alta,Deslizar talones,Lateral,strength,Cadena posterior,Tren inferior,Isquiotibiales,"{""Glúteo"",""core""}",Flexión de rodilla deslizante,"{""Toalla"",""calcetines""}",intermediate,medium_high,low,medium,low,30,,"{""General""}",{},draft,https://www.hss.edu/health-library/move-better/how-to-exercise-at-home,En suelo liso; controlar lumbar
Z50-EJ-0046,Plancha con deslizamiento de toalla,Plancha alta deslizando una mano con toalla,Persona en plancha desliza una mano adelante/lateralmente,Persona en plancha desliza una mano adelante/lateralmente,"Plancha alta, una mano sobre toalla",Mano se desliza manteniendo tronco estable,Deslizar y estabilizar,Superior 3/4,strength,Core / estabilidad,Core,Abdominales,"{""Hombro""}",Anti-rotación core,"{""Toalla"",""calcetines""}",intermediate,medium_high,low,medium,low,20,,"{""General""}",{},draft,https://www.hss.edu/health-library/move-better/how-to-exercise-at-home,Progresión avanzada
Z50-EJ-0047,Pallof press con banda,Press Pallof anti-rotación con banda elástica,Persona de lado al anclaje empuja la banda al frente resistiendo la rotación,Persona de lado al anclaje empuja la banda al frente resistiendo la rotación,"De pie lateral al anclaje, banda al pecho",Brazos extendidos al frente sin girar tronco,Empujar y resistir rotación,Frontal 3/4,strength,Core / control,Core,Oblicuos,"{""Glúteo"",""hombro""}",Anti-rotación,"{""Banda elástica""}",intermediate,medium,low,medium,low,30,,"{""General"",""readaptación""}",{},draft,https://www.acefitness.org/resources/everyone/exercise-library/equipment/resistance-bands-cables/,Muy útil para core seguro
Z50-EJ-0048,Face pull con banda,Face pull con banda elástica anclada al frente,Persona tira de la banda hacia la cara con codos altos,Persona tira de la banda hacia la cara con codos altos,"De pie frente al anclaje, brazos extendidos","Manos cerca de la cara, codos abiertos",Tirar hacia la cara,Frontal 3/4,yoga,Postura / espalda alta,Tren superior,Deltoides posterior,"{""Romboides"",""trapecio""}",Tracción horizontal alta,"{""Banda elástica""}",beginner,medium,low,medium,low,30,,"{""General""}",{},draft,https://www.acefitness.org/resources/everyone/exercise-library/equipment/resistance-bands-cables/,Buen ejercicio preventivo
Z50-EJ-0049,Aperturas de pecho con banda,Apertura horizontal de pecho con banda elástica,Persona abre los brazos contra una banda anclada detrás,Persona abre los brazos contra una banda anclada detrás,"De pie, banda anclada detrás, brazos abiertos ligeramente flexionados",Manos se aproximan delante del pecho,Cerrar brazos,Frontal 3/4,strength,Fuerza resistencia,Tren superior,Pectoral,"{""Hombro""}",Aducción horizontal,"{""Banda elástica""}",beginner,medium,low,medium,low,30,,"{""General""}",{},draft,https://www.acefitness.org/resources/everyone/exercise-library/equipment/resistance-bands-cables/,Controlar hombros
Z50-EJ-0050,Press de pecho con banda,Press de pecho de pie con banda elástica,Persona empuja la banda hacia delante a la altura del pecho,Persona empuja la banda hacia delante a la altura del pecho,"Banda anclada detrás, manos al pecho",Brazos extendidos al frente,Empujar al frente,Lateral 3/4,strength,Fuerza resistencia,Tren superior,Pectoral,"{""Tríceps"",""hombro""}",Empuje horizontal,"{""Banda elástica""}",beginner,medium,low,medium,low,30,,"{""General""}",{},draft,https://www.acefitness.org/resources/everyone/exercise-library/equipment/resistance-bands-cables/,Anclaje seguro en puerta/pared
Z50-EJ-0051,Pull apart con banda,Separación horizontal con banda elástica,Persona separa las manos estirando la banda frente al pecho,Persona separa las manos estirando la banda frente al pecho,"De pie, banda frente al pecho, brazos extendidos","Manos separadas, banda tensa",Abrir brazos,Frontal,yoga,Postura / activación,Tren superior,Deltoides posterior,"{""Romboides""}",Retracción escapular,"{""Banda elástica""}",beginner,low,low,medium,low,30,,"{""General""}",{},draft,https://www.acefitness.org/resources/everyone/exercise-library/equipment/resistance-bands-cables/,Muy visual y fácil
Z50-EJ-0052,Buenos días con banda,Good morning con banda elástica,Persona realiza bisagra de cadera con banda bajo pies y sobre hombros,Persona realiza bisagra de cadera con banda bajo pies y sobre hombros,"De pie, banda bajo pies y detrás del cuello/hombros",Cadera atrás y tronco inclinado,Bisagra de cadera,Lateral 3/4,strength,Cadena posterior,Tren inferior,Isquiotibiales,"{""Glúteo"",""lumbar""}",Bisagra,"{""Banda elástica""}",intermediate,medium,low,medium,low,30,,"{""General""}",{},draft,https://www.acefitness.org/resources/everyone/exercise-library/equipment/resistance-bands-cables/,Requiere técnica de bisagra
Z50-EJ-0053,Sentadilla con banda,Sentadilla con banda elástica bajo pies,Persona realiza sentadilla sujetando la banda a la altura de hombros,Persona realiza sentadilla sujetando la banda a la altura de hombros,"De pie sobre banda, manos a hombros",Sentadilla con tensión elástica,Bajar y subir,Frontal 3/4,strength,Fuerza resistencia,Tren inferior,Cuádriceps,"{""Glúteo""}",Sentadilla con resistencia,"{""Banda elástica""}",beginner,medium,low,medium,low,30,,"{""General""}",{},draft,https://www.acefitness.org/resources/everyone/exercise-library/equipment/resistance-bands-cables/,Buena progresión desde peso corporal
Z50-EJ-0054,Press Pallof medio arrodillado,Pallof press en posición medio arrodillada,Persona con una rodilla en suelo empuja banda al frente sin rotar,Persona con una rodilla en suelo empuja banda al frente sin rotar,"Media rodilla, lateral al anclaje, banda al pecho","Brazos extendidos, tronco estable",Empujar y resistir rotación,Frontal 3/4,strength,Core / estabilidad,Core,Oblicuos,"{""Glúteo"",""estabilidad cadera""}",Anti-rotación,"{""Banda elástica""}",intermediate,medium,low,medium,low,30,,"{""Readaptación"",""general""}",{},draft,https://www.acefitness.org/resources/everyone/exercise-library/equipment/resistance-bands-cables/,Variante excelente para control lumbopélvico
Z50-EJ-0055,Caminata lateral con minibanda,Monster walk lateral con minibanda,Persona camina lateralmente manteniendo tensión en la banda,Persona camina lateralmente manteniendo tensión en la banda,"De pie, minibanda sobre rodillas o tobillos, ligera sentadilla",Pasos laterales controlados sin juntar del todo los pies,Caminar lateral,Frontal 3/4,strength,Activación glútea,Tren inferior,Glúteo medio,"{""Cuádriceps"",""core""}",Abducción / desplazamiento lateral,"{""Minibanda""}",beginner,medium,low,medium,low,30,,"{""General""}",{},draft,https://www.acefitness.org/resources/everyone/exercise-library/equipment/resistance-bands-cables/,Muy útil para retos GAP
Z50-EJ-0056,Monster walk adelante,Caminata diagonal con minibanda,Persona avanza con pasos diagonales manteniendo tensión en minibanda,Persona avanza con pasos diagonales manteniendo tensión en minibanda,"De pie, minibanda sobre rodillas/tobillos, ligera sentadilla",Paso diagonal adelante manteniendo rodillas alineadas,Avanzar con tensión,Frontal 3/4,strength,Activación glútea,Tren inferior,Glúteo medio,"{""Glúteo mayor"",""cuádriceps""}",Desplazamiento con resistencia,"{""Minibanda""}",beginner,medium,low,medium,low,30,,"{""General""}",{},draft,https://www.acefitness.org/resources/everyone/exercise-library/equipment/resistance-bands-cables/,Ideal en calentamiento
Z50-EJ-0057,Sentadilla con minibanda,Sentadilla con minibanda sobre rodillas,Persona hace sentadilla manteniendo las rodillas contra la banda,Persona hace sentadilla manteniendo las rodillas contra la banda,"De pie, minibanda sobre rodillas",Sentadilla con rodillas alineadas y banda tensa,Bajar y abrir rodillas,Frontal 3/4,strength,Activación glútea / fuerza,Tren inferior,Cuádriceps,"{""Glúteo medio"",""glúteo mayor""}",Sentadilla / abducción,"{""Minibanda""}",beginner,medium,low,medium,low,30,,"{""General""}",{},draft,https://www.acefitness.org/resources/everyone/exercise-library/equipment/resistance-bands-cables/,Muy visual para carteles
Z50-EJ-0058,Puente de glúteo con minibanda,Puente de glúteo con minibanda sobre rodillas,Persona eleva cadera manteniendo rodillas abiertas contra banda,Persona eleva cadera manteniendo rodillas abiertas contra banda,"Tumbado, minibanda sobre rodillas, pies apoyados",Cadera elevada con rodillas alineadas,Elevar cadera y resistir banda,Lateral 3/4,strength,Activación glútea,Tren inferior,Glúteo mayor,"{""Glúteo medio"",""isquios""}",Extensión de cadera + abducción,"{""Minibanda""}",beginner,medium,low,medium,low,30,,"{""General""}",{},draft,https://www.acefitness.org/resources/everyone/exercise-library/equipment/resistance-bands-cables/,Base GAP
Z50-EJ-0059,Patada de glúteo con minibanda,Extensión de cadera en cuadrupedia con minibanda,Persona en cuadrupedia extiende una pierna hacia atrás contra la banda,Persona en cuadrupedia extiende una pierna hacia atrás contra la banda,"Cuadrupedia, minibanda en pies o muslos",Pierna se extiende atrás manteniendo pelvis estable,Extender cadera,Lateral 3/4,strength,Activación glútea,Tren inferior,Glúteo mayor,"{""Core""}",Extensión de cadera,"{""Minibanda""}",beginner,medium,low,medium,low,30,,"{""General""}",{},draft,https://www.acefitness.org/resources/everyone/exercise-library/equipment/resistance-bands-cables/,Cuidado con arquear lumbar
Z50-EJ-0060,Fire hydrant con minibanda,Abducción de cadera en cuadrupedia con minibanda,Persona en cuadrupedia eleva la rodilla lateralmente contra la banda,Persona en cuadrupedia eleva la rodilla lateralmente contra la banda,"Cuadrupedia, minibanda sobre rodillas",Rodilla abre hacia el lateral sin girar tronco,Abrir cadera,Lateral 3/4,strength,Activación glútea,Tren inferior,Glúteo medio,"{""Core""}",Abducción de cadera,"{""Minibanda""}",beginner,medium,low,medium,low,30,,"{""General""}",{},draft,https://www.acefitness.org/resources/everyone/exercise-library/equipment/resistance-bands-cables/,Muy claro para app y carteles
Z50-EJ-0061,Remo en TRX,Remo invertido con suspensión TRX,Persona inclinada tira del cuerpo hacia las asas del TRX,Persona inclinada tira del cuerpo hacia las asas del TRX,"De pie inclinado hacia atrás, brazos extendidos, cuerpo alineado","Pecho se acerca a las asas, codos atrás",Tirar del cuerpo,Lateral 3/4,yoga,Fuerza resistencia / postura,Tren superior,Dorsal,"{""Romboides"",""bíceps""}",Tracción horizontal,"{""TRX"",""suspensión""}",beginner,medium,low,medium,low,30,,"{""General""}",{},draft,https://stack52.com/periodic-table-of-suspension-exercises/,La inclinación regula dificultad
Z50-EJ-0062,Press de pecho en TRX,Flexión/press de pecho con suspensión TRX,Persona inclinada hacia delante empuja desde las asas del TRX,Persona inclinada hacia delante empuja desde las asas del TRX,"De pie inclinado al frente, manos en asas, codos flexionados",Brazos extendidos empujando el cuerpo atrás,Empujar,Lateral 3/4,strength,Fuerza resistencia,Tren superior,Pectoral,"{""Tríceps"",""hombro"",""core""}",Empuje horizontal,"{""TRX"",""suspensión""}",intermediate,medium,low,medium,low,30,,"{""General""}",{},draft,https://stack52.com/periodic-table-of-suspension-exercises/,Más vertical = más fácil
Z50-EJ-0063,Sentadilla asistida en TRX,Sentadilla agarrado al TRX,Persona realiza sentadilla ayudándose de las asas del TRX,Persona realiza sentadilla ayudándose de las asas del TRX,"De pie agarrado a TRX, brazos extendidos",Cadera baja en sentadilla manteniendo asistencia,Bajar y subir asistido,Frontal 3/4,strength,Fuerza resistencia / técnica,Tren inferior,Cuádriceps,"{""Glúteo""}",Sentadilla asistida,"{""TRX"",""suspensión""}",beginner,low,low,medium,low,30,,"{""Iniciación""}",{},draft,https://stack52.com/periodic-table-of-suspension-exercises/,Buena para principiantes
Z50-EJ-0064,Zancada atrás asistida en TRX,Zancada posterior sujetando TRX,Persona da un paso atrás mientras se ayuda con las asas,Persona da un paso atrás mientras se ayuda con las asas,De pie agarrado al TRX,Zancada posterior controlada,Paso atrás y subir,Lateral 3/4,strength,Fuerza resistencia / estabilidad,Tren inferior,Cuádriceps,"{""Glúteo""}",Zancada asistida,"{""TRX"",""suspensión""}",beginner,medium,low,medium,low,30,,"{""General""}",{},draft,https://stack52.com/periodic-table-of-suspension-exercises/,Asistencia regulable
Z50-EJ-0065,Curl bíceps en TRX,Curl de bíceps con suspensión TRX,Persona inclinada flexiona codos tirando del cuerpo hacia las asas,Persona inclinada flexiona codos tirando del cuerpo hacia las asas,"Cuerpo inclinado atrás, brazos extendidos","Codos flexionados, manos cerca de frente",Flexionar codos,Lateral 3/4,strength,Fuerza resistencia,Tren superior,Bíceps,"{""Core""}",Flexión de codo,"{""TRX"",""suspensión""}",intermediate,medium,low,medium,low,30,,"{""General""}",{},draft,https://stack52.com/periodic-table-of-suspension-exercises/,Visualmente atractivo
Z50-EJ-0066,Extensión tríceps en TRX,Extensión de tríceps con suspensión TRX,Persona inclinada flexiona y extiende codos con asas al frente,Persona inclinada flexiona y extiende codos con asas al frente,"Cuerpo inclinado al frente, codos flexionados",Brazos extendidos controlando el cuerpo,Extender codos,Lateral 3/4,strength,Fuerza resistencia,Tren superior,Tríceps,"{""Hombro"",""core""}",Extensión de codo,"{""TRX"",""suspensión""}",intermediate,medium,low,medium,low,30,,"{""General""}",{},draft,https://stack52.com/periodic-table-of-suspension-exercises/,Más vertical = más fácil
Z50-EJ-0067,Plancha con pies en TRX,Plancha frontal con pies suspendidos,Persona mantiene plancha con pies dentro de las asas TRX,Persona mantiene plancha con pies dentro de las asas TRX,"Manos/antebrazos en suelo, pies en TRX",Cuerpo alineado con pies suspendidos,Sostener,Lateral,strength,Core / estabilidad,Core,Abdominales,"{""Hombro"",""glúteo""}",Isométrico core,"{""TRX"",""suspensión""}",advanced,high,low,medium,low,20,,"{""Deportista""}",{},draft,https://stack52.com/periodic-table-of-suspension-exercises/,Progresión avanzada
Z50-EJ-0068,Curl femoral en TRX,Curl femoral con talones en TRX,Persona tumbada flexiona rodillas con talones en asas y cadera elevada,Persona tumbada flexiona rodillas con talones en asas y cadera elevada,"Tumbado boca arriba, talones en TRX, cadera elevada","Rodillas flexionadas, talones acercan hacia glúteos",Flexionar rodillas,Lateral,strength,Cadena posterior,Tren inferior,Isquiotibiales,"{""Glúteo"",""core""}",Flexión de rodilla,"{""TRX"",""suspensión""}",intermediate,medium_high,low,medium,low,30,,"{""General""}",{},draft,https://stack52.com/periodic-table-of-suspension-exercises/,Muy bueno para retos funcionales
Z50-EJ-0069,Press suelo con mancuernas,Press de pecho en suelo con mancuernas o botellas,Persona tumbada empuja dos cargas desde el pecho hacia arriba,Persona tumbada empuja dos cargas desde el pecho hacia arriba,"Tumbado boca arriba, codos en suelo, carga en manos",Brazos extendidos sobre el pecho,Empujar arriba,Frontal 3/4,strength,Fuerza resistencia,Tren superior,Pectoral,"{""Tríceps"",""hombro""}",Empuje horizontal,"{""Mancuernas"",""botellas""}",beginner,medium,low,medium,low,30,,"{""General""}",{},draft,https://www.nasm.org/resource-center/exercise-library,Más seguro que banco para casa
Z50-EJ-0070,Remo unilateral con mancuerna,Remo a una mano con mancuerna o botella,Persona apoya una mano y tira de la carga con el brazo contrario,Persona apoya una mano y tira de la carga con el brazo contrario,"Apoyo en silla/banco, carga en una mano",Codo atrás y carga cerca del costado,Tirar hacia costado,Lateral 3/4,yoga,Fuerza resistencia / postura,Tren superior,Dorsal,"{""Romboides"",""bíceps""}",Tracción horizontal,"{""Mancuerna"",""botella""}",beginner,medium,low,medium,low,30,,"{""General""}",{},draft,https://www.nasm.org/resource-center/exercise-library,Puede hacerse con garrafa ligera
Z50-EJ-0071,Peso muerto rumano con mancuernas,Bisagra de cadera con dos mancuernas o botellas,Persona baja cargas junto a piernas llevando cadera atrás,Persona baja cargas junto a piernas llevando cadera atrás,"De pie, carga en ambas manos","Cadera atrás, tronco inclinado y espalda neutra",Bisagra de cadera,Lateral 3/4,strength,Cadena posterior,Tren inferior,Isquiotibiales,"{""Glúteo"",""lumbar""}",Bisagra,"{""Mancuernas"",""botellas""}",intermediate,medium,low,medium,low,30,,"{""General""}",{},draft,https://www.nasm.org/resource-center/exercise-library,Clave técnica de cadera atrás
Z50-EJ-0072,Sentadilla goblet,Sentadilla goblet con mancuerna/kettlebell/botella grande,Persona sostiene carga al pecho y baja en sentadilla,Persona sostiene carga al pecho y baja en sentadilla,"De pie, carga pegada al pecho",Sentadilla profunda controlada,Bajar y subir,Frontal 3/4,strength,Fuerza resistencia,Tren inferior,Cuádriceps,"{""Glúteo"",""core""}",Sentadilla con carga anterior,"{""Kettlebell"",""mancuerna"",""botella""}",beginner,medium,low,medium,low,30,,"{""General""}",{},draft,https://www.nasm.org/resource-center/exercise-library,Muy útil para app por su claridad
Z50-EJ-0073,Farmer carry,Paseo del granjero con cargas,Persona camina sosteniendo cargas a ambos lados,Persona camina sosteniendo cargas a ambos lados,"De pie, carga en cada mano, postura erguida",Camina manteniendo tronco estable,Caminar con carga,Frontal 3/4,functional,Fuerza funcional / core,Full body,Agarre / core,"{""Trapecio"",""piernas""}",Transporte de carga,"{""Mancuernas"",""botellas"",""garrafas""}",beginner,medium,low,medium,low,30,,"{""General""}",{},draft,https://www.nasm.org/resource-center/exercise-library,Ideal con garrafas de agua
Z50-EJ-0074,Thruster con botellas,Sentadilla + press con botellas o mancuernas,Persona hace sentadilla y termina empujando cargas por encima de cabeza,Persona hace sentadilla y termina empujando cargas por encima de cabeza,"Cargas en hombros, pies anchura caderas",Brazos extendidos arriba tras subir de sentadilla,"Bajar, subir y empujar",Frontal 3/4,cardio_low_impact,Full body / cardio fuerza,Full body,Cuádriceps,"{""Hombro"",""glúteo"",""core""}",Sentadilla + empuje vertical,"{""Botellas"",""mancuernas""}",intermediate,medium_high,low,medium,low,30,,"{""General""}",{},draft,https://www.nasm.org/resource-center/exercise-library,Ejercicio muy dinámico para retos
Z50-EJ-0075,Swing con kettlebell,Kettlebell swing ruso,Persona balancea la kettlebell desde bisagra de cadera hasta altura de pecho,Persona balancea la kettlebell desde bisagra de cadera hasta altura de pecho,"De pie, kettlebell entre piernas, cadera atrás",Kettlebell a altura de pecho con cadera extendida,Impulsar con cadera,Lateral 3/4,strength,Potencia / resistencia,Full body,Glúteo,"{""Isquios"",""core"",""hombro""}",Bisagra dinámica,"{""Kettlebell""}",intermediate,high,low,medium,low,20,,"{""General"",""deportista""}",{},draft,https://www.nasm.org/resource-center/exercise-library,Requiere técnica; no primer reto de principiantes
Z50-EJ-0076,Peso muerto con kettlebell,Peso muerto tipo maleta/goblet con kettlebell,Persona levanta kettlebell desde el suelo mediante bisagra,Persona levanta kettlebell desde el suelo mediante bisagra,"De pie sobre kettlebell, cadera atrás",Cuerpo erguido con kettlebell en manos,Extender cadera,Lateral 3/4,strength,Cadena posterior,Tren inferior,Glúteo,"{""Isquios"",""lumbar""}",Bisagra,"{""Kettlebell""}",beginner,medium,low,medium,low,30,,"{""General""}",{},draft,https://www.nasm.org/resource-center/exercise-library,Precursor del swing
Z50-EJ-0077,Press de hombro con kettlebell,Press militar unilateral con kettlebell,Persona empuja kettlebell desde rack hasta encima de la cabeza,Persona empuja kettlebell desde rack hasta encima de la cabeza,Kettlebell en rack a la altura del hombro,Brazo extendido sobre cabeza,Empujar arriba,Frontal 3/4,strength,Fuerza resistencia,Tren superior,Hombro,"{""Tríceps"",""core""}",Empuje vertical,"{""Kettlebell""}",intermediate,medium,low,medium,low,30,,"{""General""}",{},draft,https://www.nasm.org/resource-center/exercise-library,Controlar costillas y lumbar
Z50-EJ-0078,Remo con kettlebell,Remo unilateral con kettlebell,Persona inclina el tronco y tira de kettlebell hacia la cadera,Persona inclina el tronco y tira de kettlebell hacia la cadera,"Tronco inclinado, una kettlebell en mano","Codo atrás, kettlebell cerca de cadera",Tirar hacia cadera,Lateral 3/4,yoga,Fuerza resistencia / postura,Tren superior,Dorsal,"{""Bíceps"",""romboides""}",Tracción horizontal,"{""Kettlebell""}",beginner,medium,low,medium,low,30,,"{""General""}",{},draft,https://www.nasm.org/resource-center/exercise-library,Buena alternativa a mancuerna
Z50-EJ-0079,Halo con kettlebell,Halo alrededor de la cabeza con kettlebell,Persona mueve la kettlebell alrededor de la cabeza con control,Persona mueve la kettlebell alrededor de la cabeza con control,"De pie, kettlebell frente al pecho",Kettlebell rodea la cabeza y vuelve al frente,Rotar alrededor de cabeza,Frontal 3/4,mobility,Movilidad + control,Tren superior,Hombro,"{""Core"",""movilidad torácica""}",Movilidad hombro / control,"{""Kettlebell""}",intermediate,medium,low,medium,low,30,,"{""General""}",{},draft,https://www.nasm.org/resource-center/exercise-library,Cargar poco al inicio
Z50-EJ-0080,Plancha sobre fitball,Plancha con antebrazos sobre fitball,Persona mantiene plancha apoyando antebrazos en fitball,Persona mantiene plancha apoyando antebrazos en fitball,"Antebrazos sobre fitball, pies en suelo",Cuerpo alineado y pelota estable,Sostener y estabilizar,Lateral,strength,Core / estabilidad,Core,Abdominales,"{""Hombro"",""glúteo""}",Isométrico inestable,"{""Fitball""}",intermediate,medium,low,medium,low,20,,"{""General""}",{},draft,https://stack52.com/library-of-exercises/,Progresión de plancha frontal
Z50-EJ-0081,Pike sobre fitball,Pike con pies sobre fitball,Persona lleva cadera arriba rodando fitball con los pies,Persona lleva cadera arriba rodando fitball con los pies,"Plancha alta, pies sobre fitball",Cadera elevada formando V invertida,Elevar cadera,Lateral,strength,Core / fuerza,Core,Abdominales,"{""Hombro"",""flexores cadera""}",Core dinámico,"{""Fitball""}",advanced,high,low,medium,low,20,,"{""Deportista""}",{},draft,https://stack52.com/library-of-exercises/,Avanzado; gran impacto visual
Z50-EJ-0082,Curl femoral con fitball,Curl de isquiotibiales con talones sobre fitball,Persona eleva cadera y acerca fitball con los talones,Persona eleva cadera y acerca fitball con los talones,"Tumbado boca arriba, talones sobre fitball, cadera elevada","Rodillas flexionadas, pelota cerca de glúteos",Flexionar rodillas,Lateral,strength,Cadena posterior,Tren inferior,Isquiotibiales,"{""Glúteo"",""core""}",Flexión de rodilla,"{""Fitball""}",intermediate,medium_high,low,medium,low,30,,"{""General""}",{},draft,https://stack52.com/library-of-exercises/,Muy útil para retos de glúteo/isquio
Z50-EJ-0083,Wall squat con fitball,Sentadilla con fitball en pared,Persona baja en sentadilla con fitball entre espalda y pared,Persona baja en sentadilla con fitball entre espalda y pared,"Espalda contra fitball en pared, pies adelantados","Rodillas flexionadas, fitball rueda por la pared",Bajar y subir,Lateral 3/4,strength,Fuerza resistencia / control,Tren inferior,Cuádriceps,"{""Glúteo""}",Sentadilla asistida,"{""Fitball"",""pared""}",beginner,medium,low,medium,low,30,,"{""Iniciación"",""general""}",{},draft,https://stack52.com/library-of-exercises/,Muy visual y seguro para principiantes
Z50-EJ-0084,Transferencia de pelota pilates,Dead bug con pelota pequeña entre manos y rodillas,Persona aprieta pelota entre manos y rodillas alternando extensiones,Persona aprieta pelota entre manos y rodillas alternando extensiones,"Tumbado boca arriba, pelota entre manos y rodillas",Extiende brazo/pierna manteniendo presión,Estabilizar y extender,Superior 3/4,pilates,Core / control motor,Core,Abdominales profundos,"{""Flexores cadera""}",Anti-extensión core,"{""Pelota pilates""}",beginner,low,low,medium,low,30,,"{""Readaptación"",""general""}",{},draft,https://stack52.com/library-of-exercises/,Excelente para control lumbopélvico
Z50-EJ-0085,Automasaje gemelo con foam roller,Liberación miofascial de gemelos con foam roller,Persona sentada rueda el gemelo sobre el foam roller,Persona sentada rueda el gemelo sobre el foam roller,"Sentado, foam roller bajo gemelo",Pierna se desplaza sobre el rodillo,Rodar tejido,Lateral,mobility,Movilidad / recuperación,Movilidad,Gemelos,"{""Sóleo""}",Automasaje / movilidad,"{""Foam roller""}",beginner,low,low,medium,low,30,,"{""General"",""deportista""}",{},draft,https://stack52.com/library-of-exercises/,No es reto de fuerza; útil en calentamiento/vuelta a la calma
Z50-EJ-0086,Automasaje cuádriceps con foam roller,Liberación miofascial de cuádriceps con foam roller,Persona boca abajo rueda el muslo anterior sobre el foam roller,Persona boca abajo rueda el muslo anterior sobre el foam roller,"Prono, foam roller bajo muslo",Cuerpo avanza y retrocede sobre rodillo,Rodar tejido,Lateral,mobility,Movilidad / recuperación,Movilidad,Cuádriceps,"{""Flexores cadera""}",Automasaje / movilidad,"{""Foam roller""}",beginner,low,low,medium,low,30,,"{""General"",""deportista""}",{},draft,https://stack52.com/library-of-exercises/,Cuidado si hay dolor excesivo
Z50-EJ-0087,Automasaje dorsal con foam roller,Extensión torácica y masaje dorsal con foam roller,Persona tumbada boca arriba rueda la zona dorsal sobre foam roller,Persona tumbada boca arriba rueda la zona dorsal sobre foam roller,"Tumbado boca arriba, rodillo bajo espalda alta",Extensión torácica suave y rodado controlado,Rodar/extender dorsal,Lateral,yoga,Movilidad / postura,Movilidad,Dorsal / espalda alta,"{""Columna torácica""}",Movilidad torácica,"{""Foam roller""}",beginner,low,low,medium,low,30,,"{""General""}",{},draft,https://stack52.com/library-of-exercises/,Útil para higiene postural
Z50-EJ-0088,Movilidad torácica en foam roller,Extensión torácica sobre foam roller,Persona apoya espalda alta sobre foam roller y abre el pecho,Persona apoya espalda alta sobre foam roller y abre el pecho,"Tumbado boca arriba, foam roller transversal bajo dorsal",Extiende la columna torácica suavemente,Extender columna torácica,Lateral,yoga,Movilidad / postura,Movilidad,Espalda alta,"{""Pectoral"",""hombro""}",Movilidad torácica,"{""Foam roller""}",beginner,low,low,medium,low,30,,"{""General""}",{},draft,https://stack52.com/library-of-exercises/,Muy buena para trabajo preventivo
Z50-EJ-0089,Respiración diafragmática tumbado,Respiración diafragmática en decúbito supino,"Persona tumbada coloca una mano en pecho y otra en abdomen, respirando hacia la barriga","Persona tumbada coloca una mano en pecho y otra en abdomen, respirando hacia la barriga","Tumbado boca arriba, rodillas flexionadas, manos en pecho y abdomen",Abdomen se eleva al inspirar y baja al espirar,Respirar profundo y lento,Superior / lateral 3/4,breathing,Relajación / control respiratorio,Respiración / relajación,Diafragma,"{""Suelo pélvico"",""core profundo""}",Respiración diafragmática,"{""Sin material"",""esterilla""}",beginner,low,none,medium,low,3,,"{""General"",""estrés"",""senior""}",{},draft,https://www.nhs.uk/mental-health/self-help/guides-tools-and-activities/breathing-exercises-for-stress/,Ideal para cierre de sesión y clientes con estrés
Z50-EJ-0090,Respiración costal lateral,Respiración costal lateral con manos en costillas,Persona sentada o tumbada dirige el aire hacia las costillas laterales,Persona sentada o tumbada dirige el aire hacia las costillas laterales,"Sentado o tumbado, manos rodeando costillas",Costillas se expanden lateralmente sin elevar hombros,Expandir costillas,Frontal 3/4,breathing,Conciencia corporal / movilidad torácica,Respiración / movilidad,Caja torácica,"{""Diafragma"",""intercostales""}",Respiración costal,"{""Sin material""}",beginner,low,none,medium,low,2,,"{""General"",""pilates""}",{},draft,https://www.nhsinform.scot/healthy-living/mental-wellbeing/breathing-and-relaxation-exercises/,Muy útil como introducción a Pilates
Z50-EJ-0091,Respiración 4-4 en caja,Box breathing 4-4-4-4,"Persona sentada sigue cuatro fases: inspirar, mantener, espirar y mantener","Persona sentada sigue cuatro fases: inspirar, mantener, espirar y mantener","Sentado cómodo, espalda larga, hombros relajados",Mantener ritmo regular sin tensión,Respirar por fases,Frontal,breathing,Regulación / calma,Respiración / relajación,Sistema respiratorio,"{""Atención"",""concentración""}",Respiración controlada,"{""Sin material""}",beginner,low,none,medium,low,2,,"{""General"",""estrés""}",{},draft,https://www.nhsinform.scot/healthy-living/mental-wellbeing/breathing-and-relaxation-exercises/,Usar como recurso breve de calma
Z50-EJ-0092,Respiración 4-7-8,Respiración controlada 4-7-8,"Persona sentada inspira, mantiene y exhala lentamente siguiendo conteo","Persona sentada inspira, mantiene y exhala lentamente siguiendo conteo","Sentado cómodo, lengua relajada, mirada suave",Exhalación larga y controlada,Inspirar-retener-exhalar,Frontal,breathing,Relajación / sueño,Respiración / relajación,Sistema respiratorio,"{""Atención"",""concentración""}",Respiración controlada,"{""Sin material""}",beginner,low,none,medium,low,2,,"{""General"",""estrés""}",{},draft,https://www.nhsinform.scot/healthy-living/mental-wellbeing/breathing-and-relaxation-exercises/,Evitar en personas que se mareen; hacerlo suave
Z50-EJ-0093,Respiración con labios fruncidos,Respiración con labios fruncidos,Persona inspira por nariz y exhala lento con labios como si soplara,Persona inspira por nariz y exhala lento con labios como si soplara,"Sentado o de pie, hombros relajados",Exhalación lenta y prolongada por labios fruncidos,Exhalar lento,Frontal 3/4,breathing,Control respiratorio,Respiración / relajación,Sistema respiratorio,"{""Diafragma""}",Respiración controlada,"{""Sin material""}",beginner,low,none,medium,low,2,,"{""General""}",{},draft,https://www.nhs.uk/mental-health/self-help/guides-tools-and-activities/breathing-exercises-for-stress/,Técnica sencilla para bajar intensidad
Z50-EJ-0094,Escaneo corporal guiado,Body scan con respiración consciente,Persona tumbada lleva la atención por zonas del cuerpo respirando lento,Persona tumbada lleva la atención por zonas del cuerpo respirando lento,Tumbado boca arriba o sentado cómodo,Atención recorre cuerpo de pies a cabeza,Observar y soltar tensión,Superior / cenital,relaxation,Relajación / conciencia corporal,Relajación,Sistema nervioso,"{""Respiración""}",Mindfulness / relajación,"{""Sin material"",""esterilla""}",beginner,low,low,medium,low,5,,"{""General"",""estrés""}",{},draft,https://www.nhsinform.scot/healthy-living/mental-wellbeing/breathing-and-relaxation-exercises/,Muy útil para fidelización y sesiones de recuperación
Z50-EJ-0095,Relajación progresiva de hombros,Contracción-relajación de hombros y cuello,"Persona eleva hombros, mantiene tensión breve y relaja","Persona eleva hombros, mantiene tensión breve y relaja","Sentado, brazos al lado del cuerpo",Hombros bajan y cuello queda relajado,Tensar y soltar,Frontal,strength,Relajación / descarga cervical,Relajación,Trapecio,"{""Cuello""}",Relajación muscular progresiva,"{""Sin material""}",beginner,low,low,medium,low,1,,"{""General"",""oficina""}",{},draft,https://www.nhsinform.scot/healthy-living/mental-wellbeing/breathing-and-relaxation-exercises/,Ideal para pausas activas
Z50-EJ-0096,Relajación progresiva de manos,Contracción-relajación de manos y antebrazos,"Persona cierra puños suavemente, mantiene y abre manos","Persona cierra puños suavemente, mantiene y abre manos","Sentado, brazos relajados","Manos abiertas, antebrazos sueltos",Tensar y soltar,Frontal / detalle,strength,Relajación / control tensión,Relajación,Antebrazo,"{""Manos""}",Relajación muscular progresiva,"{""Sin material""}",beginner,low,low,medium,low,1,,"{""General""}",{},draft,https://www.nhsinform.scot/healthy-living/mental-wellbeing/breathing-and-relaxation-exercises/,Sencillo para iniciar secuencias de relajación
Z50-EJ-0097,Gato-camello,Cat-cow / movilidad de columna en cuadrupedia,Persona en cuadrupedia alterna extensión y flexión de columna con respiración,Persona en cuadrupedia alterna extensión y flexión de columna con respiración,"Cuadrupedia, manos bajo hombros, rodillas bajo caderas",Alterna pecho abierto y espalda redondeada,Movilizar columna,Lateral 3/4,mobility,Movilidad / calentamiento,Movilidad,Columna,"{""Core""}",Movilidad espinal,"{""Sin material"",""esterilla""}",beginner,low,low,medium,low,5,,"{""General"",""senior"",""pilates-yoga""}",{},draft,https://www.acefitness.org/resources/everyone/blog/6015/10-minute-foundational-yoga-routine/,Ejercicio clave para movilidad suave
Z50-EJ-0098,Postura del niño,Child's pose / postura del niño,Persona sentada sobre talones lleva brazos al frente y relaja espalda,Persona sentada sobre talones lleva brazos al frente y relaja espalda,"Rodillas en suelo, glúteos hacia talones","Tronco relajado hacia el suelo, brazos extendidos",Relajar y respirar,Lateral 3/4,yoga,Relajación / movilidad,Yoga / estiramiento,Espalda,"{""Cadera"",""hombros""}",Flexión / descarga,"{""Sin material"",""esterilla""}",beginner,low,low,medium,low,30,,"{""General""}",{},draft,https://www.acefitness.org/resources/everyone/blog/6015/10-minute-foundational-yoga-routine/,Muy visual para vuelta a la calma
Z50-EJ-0099,Enhebrar la aguja,Thread the needle / rotación torácica en cuadrupedia,Persona en cuadrupedia pasa un brazo bajo el cuerpo rotando la espalda,Persona en cuadrupedia pasa un brazo bajo el cuerpo rotando la espalda,"Cuadrupedia, una mano apoyada",Hombro y brazo deslizan bajo el cuerpo con rotación,Rotar columna torácica,Lateral 3/4,mobility,Movilidad torácica,Movilidad,Espalda alta,"{""Hombro""}",Rotación torácica,"{""Sin material"",""esterilla""}",beginner,low,low,medium,low,30,,"{""General"",""postura""}",{},draft,https://www.acefitness.org/resources/everyone/exercise-library/,Buena para higiene postural
Z50-EJ-0100,Estiramiento cervical lateral,Inclinación lateral de cuello,Persona sentada inclina la cabeza suavemente hacia un lado,Persona sentada inclina la cabeza suavemente hacia un lado,"Sentado erguido, hombros bajos",Oreja se aproxima al hombro sin girar la cabeza,Inclinar cuello,Frontal,stretching,Descarga cervical,Estiramiento,Cuello,"{""Trapecio superior""}",Estiramiento estático,"{""Sin material""}",beginner,low,low,medium,low,20,,"{""General"",""oficina""}",{},draft,https://www.acefitness.org/resources/everyone/blog/6499/flexibility-exercises-for-beginners/,Sin forzar ni tirar fuerte de la cabeza
Z50-EJ-0101,Estiramiento de pectoral en puerta,Apertura de pectoral con apoyo en marco de puerta,Persona apoya antebrazo en pared/puerta y gira el tronco suavemente,Persona apoya antebrazo en pared/puerta y gira el tronco suavemente,"De pie junto a puerta, antebrazo apoyado",Pecho abierto y hombro en extensión suave,Abrir pecho,Frontal 3/4,yoga,Postura / movilidad hombro,Estiramiento,Pectoral,"{""Hombro""}",Estiramiento estático,"{""Pared"",""puerta""}",beginner,low,low,medium,low,20,,"{""General"",""oficina""}",{},draft,https://www.acefitness.org/resources/everyone/blog/6499/flexibility-exercises-for-beginners/,Muy útil para personas sentadas muchas horas
Z50-EJ-0102,Estiramiento dorsal con silla,Estiramiento de dorsal ancho apoyado en silla,Persona apoya manos en silla y lleva cadera atrás alargando espalda,Persona apoya manos en silla y lleva cadera atrás alargando espalda,"De pie frente a silla, manos apoyadas",Tronco largo y cadera atrás,Alargar dorsal,Lateral,yoga,Movilidad / postura,Estiramiento,Dorsal,"{""Hombros"",""espalda""}",Estiramiento activo,"{""Silla""}",beginner,low,low,medium,low,30,,"{""General""}",{},draft,https://www.acefitness.org/resources/everyone/blog/6499/flexibility-exercises-for-beginners/,Material casero fácil
Z50-EJ-0103,Rotación torácica libro abierto,Open book / rotación torácica tumbado lateral,Persona tumbada de lado abre el brazo superior rotando el tronco,Persona tumbada de lado abre el brazo superior rotando el tronco,"Tumbado lateral, rodillas flexionadas, brazos al frente",Brazo superior abre hacia atrás con mirada acompañando,Rotar tronco,Superior / lateral,yoga,Movilidad / postura,Movilidad,Columna torácica,"{""Pectoral"",""hombro""}",Rotación torácica,"{""Sin material"",""esterilla""}",beginner,low,low,medium,low,6,,"{""General""}",{},draft,https://www.acefitness.org/resources/everyone/exercise-library/,Excelente para desbloquear espalda alta
Z50-EJ-0104,Estiramiento flexor de cadera arrodillado,Estiramiento de psoas en media rodilla,Persona en zancada arrodillada lleva cadera suavemente hacia delante,Persona en zancada arrodillada lleva cadera suavemente hacia delante,"Media rodilla, una pierna delante y otra apoyada atrás",Cadera avanza manteniendo tronco erguido,Alargar flexor de cadera,Lateral 3/4,yoga,Movilidad cadera / postura,Estiramiento,Flexores de cadera,"{""Cuádriceps""}",Estiramiento estático,"{""Sin material"",""esterilla""}",beginner,low,low,medium,low,20,,"{""General""}",{},draft,https://www.acefitness.org/resources/everyone/blog/6499/flexibility-exercises-for-beginners/,Muy útil para clientes con mucha sedestación
Z50-EJ-0105,Estiramiento isquios con toalla,Estiramiento de isquiotibiales tumbado con toalla,Persona tumbada eleva una pierna usando una toalla como ayuda,Persona tumbada eleva una pierna usando una toalla como ayuda,"Tumbado boca arriba, toalla en planta del pie",Pierna elevada con rodilla extendida o semiflexionada,Alargar isquios,Lateral,stretching,Movilidad posterior,Estiramiento,Isquiotibiales,"{""Gemelos""}",Estiramiento asistido,"{""Toalla""}",beginner,low,low,medium,low,20,,"{""General"",""senior""}",{},draft,https://www.acefitness.org/resources/everyone/blog/6499/flexibility-exercises-for-beginners/,Material casero ideal
Z50-EJ-0106,Estiramiento gemelo en pared,Estiramiento de gemelo contra pared,Persona apoya manos en pared y aleja una pierna atrás con talón al suelo,Persona apoya manos en pared y aleja una pierna atrás con talón al suelo,"De pie frente a pared, pierna posterior extendida","Talón posterior apoyado, tensión en gemelo",Alargar gemelo,Lateral,stretching,Movilidad tobillo,Estiramiento,Gemelos,"{""Sóleo""}",Estiramiento estático,"{""Pared""}",beginner,low,low,medium,low,20,,"{""General"",""corredores""}",{},draft,https://www.acefitness.org/resources/everyone/blog/6499/flexibility-exercises-for-beginners/,Muy fácil para redes
Z50-EJ-0107,Estiramiento cuádriceps lateral,Estiramiento de cuádriceps tumbado de lado,Persona tumbada lateral sujeta el pie superior hacia el glúteo,Persona tumbada lateral sujeta el pie superior hacia el glúteo,"Tumbado de lado, rodillas alineadas",Talón se aproxima al glúteo manteniendo cadera neutra,Alargar cuádriceps,Lateral,stretching,Movilidad tren inferior,Estiramiento,Cuádriceps,"{""Flexores cadera""}",Estiramiento estático,"{""Sin material"",""esterilla""}",beginner,low,low,medium,low,20,,"{""General""}",{},draft,https://www.acefitness.org/resources/everyone/blog/6499/flexibility-exercises-for-beginners/,Evitar arquear lumbar
Z50-EJ-0108,Figura 4 glúteo,Estiramiento de piriforme/glúteo en figura 4,Persona tumbada cruza un tobillo sobre la rodilla contraria y acerca piernas,Persona tumbada cruza un tobillo sobre la rodilla contraria y acerca piernas,"Tumbado boca arriba, tobillo cruzado sobre rodilla",Piernas se acercan al pecho con tensión en glúteo,Alargar glúteo,Lateral 3/4,stretching,Movilidad cadera / descarga lumbar,Estiramiento,Glúteo,"{""Piriforme""}",Estiramiento estático,"{""Sin material"",""esterilla""}",beginner,low,low,medium,low,20,,"{""General""}",{},draft,https://www.acefitness.org/resources/everyone/blog/6499/flexibility-exercises-for-beginners/,Muy útil en rutinas de vuelta a la calma
Z50-EJ-0109,Mariposa sentada,Estiramiento de aductores en mariposa,Persona sentada junta plantas de pies y deja caer rodillas hacia fuera,Persona sentada junta plantas de pies y deja caer rodillas hacia fuera,"Sentado, plantas de pies juntas",Rodillas abren hacia el suelo con espalda larga,Abrir cadera,Frontal 3/4,stretching,Movilidad cadera,Estiramiento,Aductores,"{""Cadera""}",Estiramiento estático,"{""Sin material"",""esterilla""}",beginner,low,low,medium,low,30,,"{""General""}",{},draft,https://www.acefitness.org/resources/everyone/blog/6499/flexibility-exercises-for-beginners/,Visual y sencillo
Z50-EJ-0110,Torsión lumbar tumbado,Rotación lumbar supina,Persona tumbada deja caer rodillas hacia un lado manteniendo hombros en suelo,Persona tumbada deja caer rodillas hacia un lado manteniendo hombros en suelo,"Tumbado boca arriba, brazos en cruz, rodillas flexionadas",Rodillas caen a un lado y tronco rota suavemente,Rotar columna,Superior,stretching,Relajación / movilidad lumbar,Estiramiento / movilidad,Lumbar,"{""Glúteo"",""oblicuos""}",Rotación lumbar,"{""Sin material"",""esterilla""}",beginner,low,low,medium,low,30,,"{""General""}",{},draft,https://www.acefitness.org/resources/everyone/blog/6015/10-minute-foundational-yoga-routine/,"Suave, sin dolor"
Z50-EJ-0111,Pelvic curl,Puente articulado de Pilates,Persona tumbada eleva pelvis vértebra a vértebra y baja controlando,Persona tumbada eleva pelvis vértebra a vértebra y baja controlando,"Tumbado boca arriba, rodillas flexionadas, pies apoyados",Cadera elevada con columna articulada,Articular columna,Lateral,pilates,Control lumbo-pélvico,Pilates,Glúteo,"{""Isquios"",""core""}",Extensión de cadera / control,"{""Sin material"",""esterilla""}",beginner,low,low,medium,low,8,,"{""General"",""pilates""}",{},draft,https://www.acefitness.org/resources/everyone/exercise-library/,Muy bueno para base de Pilates
Z50-EJ-0112,The Hundred preparación,Hundred básico de Pilates con rodillas flexionadas,Persona tumbada mantiene piernas en mesa y bombea brazos con respiración,Persona tumbada mantiene piernas en mesa y bombea brazos con respiración,"Tumbado boca arriba, piernas en tabletop o pies apoyados",Brazos bombean cortos manteniendo core activo,Bombeo + respiración,Lateral 3/4,breathing,Core / resistencia,Pilates,Abdominales,"{""Flexores cadera""}",Core isométrico / respiración,"{""Sin material"",""esterilla""}",beginner,medium,low,medium,low,30,,"{""General"",""pilates""}",{},draft,https://www.acefitness.org/resources/everyone/exercise-library/,Empezar con versión modificada
Z50-EJ-0113,Single leg stretch,Estiramiento de una pierna de Pilates,Persona tumbada alterna piernas acercando una rodilla al pecho,Persona tumbada alterna piernas acercando una rodilla al pecho,"Tumbado, cabeza y hombros elevados, una rodilla al pecho",Alterna piernas manteniendo abdomen activo,Alternar piernas,Lateral 3/4,pilates,Core / coordinación,Pilates,Abdominales,"{""Flexores cadera""}",Core dinámico,"{""Sin material"",""esterilla""}",intermediate,medium,low,medium,low,8,,"{""General"",""pilates""}",{},draft,https://www.acefitness.org/resources/everyone/exercise-library/,Adaptar bajando cabeza si hay tensión cervical
Z50-EJ-0114,Double leg stretch,Estiramiento doble de piernas de Pilates,Persona extiende brazos y piernas desde posición agrupada y vuelve,Persona extiende brazos y piernas desde posición agrupada y vuelve,"Tumbado, rodillas al pecho, manos cerca de tibias",Brazos y piernas se extienden y vuelven al centro,Extender y recoger,Lateral 3/4,pilates,Core / control,Pilates,Abdominales,"{""Flexores cadera""}",Core dinámico,"{""Sin material"",""esterilla""}",intermediate,medium,low,medium,low,8,,"{""General"",""pilates""}",{},draft,https://www.acefitness.org/resources/everyone/exercise-library/,Controlar zona lumbar
Z50-EJ-0115,Círculos de pierna,Single leg circle de Pilates,Persona tumbada dibuja círculos con una pierna elevada,Persona tumbada dibuja círculos con una pierna elevada,"Tumbado boca arriba, una pierna elevada",Pierna dibuja círculo controlado sin mover pelvis,Circular pierna,Superior / lateral,pilates,Movilidad cadera / core,Pilates,Core,"{""Flexores cadera"",""aductores""}",Control lumbo-pélvico,"{""Sin material"",""esterilla""}",beginner,low,low,medium,low,5,,"{""General"",""pilates""}",{},draft,https://www.acefitness.org/resources/everyone/exercise-library/,Círculos pequeños al inicio
Z50-EJ-0116,Clam Pilates,Apertura de cadera lateral estilo Pilates,Persona tumbada de lado abre rodilla superior manteniendo pies juntos,Persona tumbada de lado abre rodilla superior manteniendo pies juntos,"Tumbado lateral, rodillas flexionadas, pelvis estable",Rodilla superior abre sin rotar pelvis,Abrir cadera,Lateral,pilates,Activación glútea,Pilates,Glúteo medio,"{""Core""}",Abducción de cadera,"{""Sin material"",""minibanda opcional""}",beginner,low,low,medium,low,10,,"{""General"",""pilates""}",{},draft,https://www.acefitness.org/resources/everyone/exercise-library/,Puede progresar con minibanda
Z50-EJ-0117,Patada lateral Pilates,Side kick de Pilates,Persona tumbada de lado mueve la pierna superior adelante y atrás controlada,Persona tumbada de lado mueve la pierna superior adelante y atrás controlada,"Tumbado lateral, pierna superior extendida",Pierna se desplaza en rango controlado sin mover tronco,Mover pierna adelante/atrás,Lateral,pilates,Cadera / control core,Pilates,Glúteo medio,"{""Core"",""flexores cadera""}",Control lateral,"{""Sin material"",""esterilla""}",intermediate,medium,low,medium,low,8,,"{""General"",""pilates""}",{},draft,https://www.acefitness.org/resources/everyone/exercise-library/,Mantener pelvis estable
Z50-EJ-0118,Swimming Pilates,Swimming / natación de Pilates,Persona boca abajo alterna elevación de brazo y pierna contraria,Persona boca abajo alterna elevación de brazo y pierna contraria,"Prono, brazos extendidos, piernas largas",Brazos y piernas alternan elevaciones pequeñas,Alternar extensión,Lateral 3/4,pilates,Core posterior / postura,Pilates,Lumbar,"{""Glúteo"",""hombro""}",Extensión posterior alterna,"{""Sin material"",""esterilla""}",intermediate,medium,low,medium,low,20,,"{""General"",""pilates""}",{},draft,https://www.acefitness.org/resources/everyone/exercise-library/,Evitar dolor lumbar
Z50-EJ-0119,Spine stretch forward,Flexión de columna sentada de Pilates,Persona sentada con piernas abiertas flexiona columna hacia delante,Persona sentada con piernas abiertas flexiona columna hacia delante,"Sentado, piernas abiertas, brazos al frente",Columna se flexiona hacia delante de forma controlada,Flexionar columna,Lateral 3/4,breathing,Movilidad columna / respiración,Pilates / movilidad,Columna,"{""Isquios""}",Flexión espinal,"{""Sin material"",""esterilla""}",beginner,low,low,medium,low,6,,"{""General"",""pilates""}",{},draft,https://www.acefitness.org/resources/everyone/exercise-library/,Combinar con exhalación
Z50-EJ-0120,Mermaid Pilates,Estiramiento lateral Mermaid,Persona sentada lateralmente alarga un brazo por encima de la cabeza,Persona sentada lateralmente alarga un brazo por encima de la cabeza,Sentado con piernas ladeadas o cruzadas,Tronco se inclina lateralmente alargando costado,Flexionar lateral,Frontal 3/4,breathing,Movilidad lateral / respiración,Pilates / estiramiento,Oblicuos,"{""Dorsal"",""cadera""}",Flexión lateral,"{""Sin material"",""esterilla""}",beginner,low,low,medium,low,30,,"{""General"",""pilates-yoga""}",{},draft,https://www.acefitness.org/resources/everyone/exercise-library/,Muy visual para carteles
Z50-EJ-0121,Pelota Pilates entre rodillas,Activación aductores con pelota de Pilates,Persona tumbada aprieta una pelota pequeña entre las rodillas,Persona tumbada aprieta una pelota pequeña entre las rodillas,"Tumbado boca arriba, rodillas flexionadas, pelota entre rodillas",Rodillas presionan la pelota suavemente,Apretar y soltar,Frontal / superior,pilates,Activación / control pelvis,Pilates,Aductores,"{""Core profundo""}",Activación isométrica,"{""Pelota Pilates""}",beginner,low,low,medium,low,8,,"{""General"",""pilates"",""senior""}",{},draft,https://www.acefitness.org/resources/everyone/exercise-library/,Material barato y muy útil
Z50-EJ-0122,Dead bug con pelota Pilates,Dead bug presionando pelota entre manos y rodillas,Persona tumbada mantiene pelota entre manos y rodillas mientras extiende brazo/pierna contrarios,Persona tumbada mantiene pelota entre manos y rodillas mientras extiende brazo/pierna contrarios,"Tumbado, caderas y rodillas a 90°, pelota entre manos y rodillas",Extiende brazo y pierna opuestos sin perder presión,Estabilizar y extender,Lateral 3/4,pilates,Core seguro / control,Pilates / core,Abdominales profundos,"{""Flexores cadera""}",Core anti-extensión,"{""Pelota Pilates""}",beginner,medium,low,medium,low,8,,"{""General"",""readaptación""}",{},draft,https://www.acefitness.org/resources/everyone/exercise-library/,Excelente para control lumbo-pélvico
Z50-EJ-0123,Montaña,Tadasana / postura de la montaña,Persona de pie alineada con brazos relajados y respiración consciente,Persona de pie alineada con brazos relajados y respiración consciente,"De pie, pies paralelos, columna larga",Cuerpo alineado y estable,Alinear y respirar,Frontal,yoga,Postura / conciencia corporal,Yoga,Postura global,"{""Pies"",""core""}",Postura estática,"{""Sin material""}",beginner,low,low,medium,low,30,,"{""General"",""yoga""}",{},draft,https://www.acefitness.org/resources/everyone/blog/6015/10-minute-foundational-yoga-routine/,Base para secuencias de yoga
Z50-EJ-0124,Silla yoga,Utkatasana / postura de la silla,Persona flexiona rodillas como sentadilla suave con brazos arriba,Persona flexiona rodillas como sentadilla suave con brazos arriba,"De pie, pies paralelos","Rodillas flexionadas, cadera atrás, brazos elevados",Sostener sentadilla,Lateral 3/4,yoga,Fuerza resistencia / movilidad,Yoga,Cuádriceps,"{""Glúteo"",""core""}",Sentadilla isométrica,"{""Sin material""}",beginner,medium,low,medium,low,20,,"{""General"",""yoga""}",{},draft,https://www.acefitness.org/resources/everyone/blog/6015/10-minute-foundational-yoga-routine/,Visual y transferible a retos
Z50-EJ-0125,Perro boca abajo,Adho mukha svanasana / perro boca abajo,Persona forma una V invertida apoyando manos y pies,Persona forma una V invertida apoyando manos y pies,Desde cuadrupedia o plancha,"Cadera elevada, columna larga, talones hacia suelo",Empujar suelo y alargar,Lateral 3/4,yoga,Movilidad / fuerza suave,Yoga / movilidad,Espalda,"{""Isquios"",""hombros"",""gemelos""}",Movilidad global,"{""Sin material"",""esterilla""}",beginner,medium,low,medium,low,30,,"{""General"",""yoga""}",{},draft,https://www.acefitness.org/resources/everyone/blog/6015/10-minute-foundational-yoga-routine/,Puede flexionar rodillas
Z50-EJ-0126,Cobra suave,Bhujangasana / cobra baja,Persona boca abajo eleva pecho con apoyo de manos suave,Persona boca abajo eleva pecho con apoyo de manos suave,"Prono, manos bajo hombros","Pecho se eleva, pelvis permanece apoyada",Extender columna,Lateral 3/4,yoga,Movilidad anterior / postura,Yoga / movilidad,Espalda,"{""Pectoral"",""abdomen""}",Extensión de columna,"{""Sin material"",""esterilla""}",beginner,low,low,medium,low,15,,"{""General"",""yoga""}",{},draft,https://www.acefitness.org/resources/everyone/blog/6015/10-minute-foundational-yoga-routine/,No forzar zona lumbar
Z50-EJ-0127,Esfinge,Sphinx pose / esfinge,Persona boca abajo apoya antebrazos y abre pecho suavemente,Persona boca abajo apoya antebrazos y abre pecho suavemente,"Prono, antebrazos apoyados bajo hombros",Pecho abierto con extensión suave,Extender columna torácica,Lateral 3/4,breathing,Movilidad / respiración,Yoga / movilidad,Espalda,"{""Pectoral""}",Extensión suave,"{""Sin material"",""esterilla""}",beginner,low,low,medium,low,30,,"{""General"",""yoga"",""senior""}",{},draft,https://www.acefitness.org/resources/everyone/blog/6015/10-minute-foundational-yoga-routine/,Alternativa suave a cobra
Z50-EJ-0128,Guerrero II,Virabhadrasana II / guerrero 2,Persona en zancada amplia abre brazos en cruz mirando al frente,Persona en zancada amplia abre brazos en cruz mirando al frente,"Piernas separadas, pie delantero al frente, trasero abierto","Rodilla delantera flexionada, brazos extendidos",Sostener y alinear,Frontal 3/4,yoga,Estabilidad / fuerza suave,Yoga,Tren inferior,"{""Hombros"",""core""}",Zancada isométrica,"{""Sin material""}",beginner,medium,low,medium,low,20,,"{""General"",""yoga""}",{},draft,https://www.acefitness.org/resources/everyone/blog/6015/10-minute-foundational-yoga-routine/,Muy visual para retos inspiradores
Z50-EJ-0129,Triángulo,Trikonasana / postura del triángulo,Persona con piernas abiertas inclina el tronco y extiende brazos verticales,Persona con piernas abiertas inclina el tronco y extiende brazos verticales,"Piernas abiertas, brazos en cruz",Mano hacia pierna/suelo y brazo superior al techo,Inclinar y abrir pecho,Frontal 3/4,yoga,Movilidad / equilibrio,Yoga / movilidad,Cadera,"{""Oblicuos"",""isquios""}",Flexión lateral / apertura,"{""Sin material""}",intermediate,low,low,medium,low,20,,"{""General"",""yoga""}",{},draft,https://www.acefitness.org/resources/everyone/blog/6015/10-minute-foundational-yoga-routine/,Usar bloque/silla si hace falta
Z50-EJ-0130,Zancada baja,Anjaneyasana / low lunge,Persona en zancada con rodilla trasera apoyada abre cadera y eleva brazos,Persona en zancada con rodilla trasera apoyada abre cadera y eleva brazos,Media rodilla con pie delantero apoyado,Cadera avanza y brazos suben,Alargar cadera,Lateral 3/4,yoga,Movilidad cadera,Yoga / estiramiento,Flexores de cadera,"{""Cuádriceps"",""core""}",Zancada / apertura cadera,"{""Sin material"",""esterilla""}",beginner,low,low,medium,low,20,,"{""General"",""yoga""}",{},draft,https://www.acefitness.org/resources/everyone/blog/6015/10-minute-foundational-yoga-routine/,Ideal para personas sedentarias
Z50-EJ-0131,Paloma modificada,Pigeon prep / paloma modificada,Persona apoya una pierna flexionada delante y extiende la otra atrás,Persona apoya una pierna flexionada delante y extiende la otra atrás,"Desde cuadrupedia, pierna delantera flexionada",Cadera desciende suavemente hacia el suelo,Abrir glúteo/cadera,Lateral 3/4,yoga,Movilidad cadera / relajación,Yoga / estiramiento,Glúteo,"{""Cadera""}",Apertura de cadera,"{""Sin material"",""esterilla""}",intermediate,low,low,medium,low,30,,"{""General"",""yoga""}",{},draft,https://www.acefitness.org/resources/everyone/blog/6015/10-minute-foundational-yoga-routine/,Evitar si molesta rodilla; usar figura 4 como alternativa
Z50-EJ-0132,Flexión sentada adelante,Paschimottanasana suave,Persona sentada alarga la espalda y flexiona hacia piernas,Persona sentada alarga la espalda y flexiona hacia piernas,"Sentado, piernas extendidas",Tronco se inclina hacia delante con columna larga,Alargar cadena posterior,Lateral,yoga,Movilidad posterior / relajación,Yoga / estiramiento,Isquiotibiales,"{""Espalda""}",Flexión anterior,"{""Sin material"",""toalla opcional""}",beginner,low,low,medium,low,30,,"{""General"",""yoga""}",{},draft,https://www.acefitness.org/resources/everyone/blog/6015/10-minute-foundational-yoga-routine/,Puede usar toalla en pies
Z50-EJ-0133,Bebé feliz,Happy baby / postura del bebé feliz,Persona tumbada sujeta pies o piernas con rodillas abiertas,Persona tumbada sujeta pies o piernas con rodillas abiertas,"Tumbado boca arriba, rodillas hacia pecho","Rodillas abiertas, pies hacia techo, espalda relajada",Abrir cadera,Superior,yoga,Relajación / movilidad,Yoga / relajación,Cadera,"{""Lumbar"",""aductores""}",Apertura de cadera,"{""Sin material"",""esterilla""}",beginner,low,low,medium,low,30,,"{""General"",""yoga""}",{},draft,https://www.acefitness.org/resources/everyone/blog/6015/10-minute-foundational-yoga-routine/,Muy útil para vuelta a la calma
Z50-EJ-0134,Piernas en la pared,Viparita karani / piernas elevadas en pared,Persona tumbada acerca glúteos a pared y eleva piernas apoyadas,Persona tumbada acerca glúteos a pared y eleva piernas apoyadas,Tumbado de lado junto a pared y girar al apoyo,"Piernas extendidas sobre pared, tronco relajado",Elevar piernas y respirar,Lateral,yoga,Relajación / recuperación,Yoga / relajación,Sistema circulatorio,"{""Isquios"",""lumbar""}",Relajación / descarga,"{""Pared""}",beginner,low,low,medium,low,3,,"{""General"",""estrés"",""senior""}",{},draft,https://www.nhsinform.scot/healthy-living/mental-wellbeing/breathing-and-relaxation-exercises/,Muy buena como recurso de recuperación
Z50-EJ-0135,Postura del cadáver,Savasana / relajación final,Persona tumbada boca arriba relajada con brazos y piernas sueltos,Persona tumbada boca arriba relajada con brazos y piernas sueltos,"Tumbado boca arriba, cuerpo cómodo",Mantener quietud con respiración natural,Relajar cuerpo,Superior,relaxation,Relajación / cierre sesión,Yoga / relajación,Sistema nervioso,"{""Respiración""}",Relajación estática,"{""Sin material"",""esterilla""}",beginner,low,low,medium,low,3,,"{""General""}",{},draft,https://www.acefitness.org/resources/everyone/blog/6015/10-minute-foundational-yoga-routine/,Clave para cierres y retos de bienestar
Z50-EJ-0136,Árbol,Vrksasana / postura del árbol,Persona de pie equilibra sobre una pierna con pie contrario apoyado en pierna,Persona de pie equilibra sobre una pierna con pie contrario apoyado en pierna,"De pie, peso sobre una pierna","Pie contrario se apoya en pantorrilla o muslo, manos juntas o brazos arriba",Equilibrar,Frontal,yoga,Equilibrio / concentración,Yoga / equilibrio,Equilibrio,"{""Glúteo medio"",""core""}",Equilibrio estático,"{""Sin material""}",beginner,low,low,medium,low,20,,"{""General"",""yoga""}",{},draft,https://www.acefitness.org/resources/everyone/blog/6015/10-minute-foundational-yoga-routine/,No apoyar pie sobre la rodilla
Z50-EJ-0137,Puerta yoga,Gate pose / parighasana,Persona arrodillada extiende una pierna lateral y alarga un brazo por encima,Persona arrodillada extiende una pierna lateral y alarga un brazo por encima,"De rodillas, una pierna extendida lateral",Tronco se inclina hacia la pierna extendida,Alargar costado,Frontal 3/4,yoga,Movilidad lateral,Yoga / movilidad,Oblicuos,"{""Aductores"",""dorsal""}",Flexión lateral,"{""Sin material"",""esterilla""}",beginner,low,low,medium,low,20,,"{""General"",""yoga""}",{},draft,https://www.acefitness.org/resources/everyone/blog/6015/10-minute-foundational-yoga-routine/,Buena variante visual
